SENT1,UNK_SENT1,hasUNK1,VERB1_ENTROPY_LSTM_400_80m_a_10-d0.2.pt,VERB1_ENTROPY_LSTM_400_80m_b_11-d0.2.pt,VERB1_ENTROPY_LSTM_400_80m_c_12-d0.2.pt,VERB1_ENTROPY_LSTM_400_80m_d_13-d0.2.pt,VERB1_ENTROPY_LSTM_400_80m_e_14-d0.2.pt,VERB1_ENTROPY_AVG,VERB1_REDUCTION_LSTM_400_80m_a_10-d0.2.pt,VERB1_REDUCTION_LSTM_400_80m_b_11-d0.2.pt,VERB1_REDUCTION_LSTM_400_80m_c_12-d0.2.pt,VERB1_REDUCTION_LSTM_400_80m_d_13-d0.2.pt,VERB1_REDUCTION_LSTM_400_80m_e_14-d0.2.pt,VERB1_REDUCTION_AVG,VERB1_SURP_LSTM_400_80m_a_10-d0.2.pt,VERB1_SURP_LSTM_400_80m_b_11-d0.2.pt,VERB1_SURP_LSTM_400_80m_c_12-d0.2.pt,VERB1_SURP_LSTM_400_80m_d_13-d0.2.pt,VERB1_SURP_LSTM_400_80m_e_14-d0.2.pt,VERB1_SURP_AVG,NOUN1_ENTROPY_LSTM_400_80m_a_10-d0.2.pt,NOUN1_ENTROPY_LSTM_400_80m_b_11-d0.2.pt,NOUN1_ENTROPY_LSTM_400_80m_c_12-d0.2.pt,NOUN1_ENTROPY_LSTM_400_80m_d_13-d0.2.pt,NOUN1_ENTROPY_LSTM_400_80m_e_14-d0.2.pt,NOUN1_ENTROPY_AVG,NOUN1_SURP_LSTM_400_80m_a_10-d0.2.pt,NOUN1_SURP_LSTM_400_80m_b_11-d0.2.pt,NOUN1_SURP_LSTM_400_80m_c_12-d0.2.pt,NOUN1_SURP_LSTM_400_80m_d_13-d0.2.pt,NOUN1_SURP_LSTM_400_80m_e_14-d0.2.pt,NOUN1_SURP_AVG,SENT2,UNK_SENT2,hasUNK2,VERB2_ENTROPY_LSTM_400_80m_a_10-d0.2.pt,VERB2_ENTROPY_LSTM_400_80m_b_11-d0.2.pt,VERB2_ENTROPY_LSTM_400_80m_c_12-d0.2.pt,VERB2_ENTROPY_LSTM_400_80m_d_13-d0.2.pt,VERB2_ENTROPY_LSTM_400_80m_e_14-d0.2.pt,VERB2_ENTROPY_AVG,VERB2_REDUCTION_LSTM_400_80m_a_10-d0.2.pt,VERB2_REDUCTION_LSTM_400_80m_b_11-d0.2.pt,VERB2_REDUCTION_LSTM_400_80m_c_12-d0.2.pt,VERB2_REDUCTION_LSTM_400_80m_d_13-d0.2.pt,VERB2_REDUCTION_LSTM_400_80m_e_14-d0.2.pt,VERB2_REDUCTION_AVG,VERB2_SURP_LSTM_400_80m_a_10-d0.2.pt,VERB2_SURP_LSTM_400_80m_b_11-d0.2.pt,VERB2_SURP_LSTM_400_80m_c_12-d0.2.pt,VERB2_SURP_LSTM_400_80m_d_13-d0.2.pt,VERB2_SURP_LSTM_400_80m_e_14-d0.2.pt,VERB2_SURP_AVG,NOUN2_ENTROPY_LSTM_400_80m_a_10-d0.2.pt,NOUN2_ENTROPY_LSTM_400_80m_b_11-d0.2.pt,NOUN2_ENTROPY_LSTM_400_80m_c_12-d0.2.pt,NOUN2_ENTROPY_LSTM_400_80m_d_13-d0.2.pt,NOUN2_ENTROPY_LSTM_400_80m_e_14-d0.2.pt,NOUN2_ENTROPY_AVG,NOUN2_SURP_LSTM_400_80m_a_10-d0.2.pt,NOUN2_SURP_LSTM_400_80m_b_11-d0.2.pt,NOUN2_SURP_LSTM_400_80m_c_12-d0.2.pt,NOUN2_SURP_LSTM_400_80m_d_13-d0.2.pt,NOUN2_SURP_LSTM_400_80m_e_14-d0.2.pt,NOUN2_SURP_AVG
the man will criticize the brochure .,the man will criticize the brochure .,0,5.020513534545898,4.4867095947265625,4.636662006378174,4.814926624298096,5.062033176422119,4.80416898727417,2.212134838104248,2.7817554473876953,2.203749656677246,2.5397000312805176,2.740422248840332,2.4955524444580077,15.215078353881836,15.519667625427246,15.280109405517578,15.250105857849121,14.922182083129883,15.237428665161133,4.678408145904541,5.2331318855285645,4.913354873657227,4.608680725097656,5.400737762451172,4.966862678527832,20.437585830688477,20.157602310180664,20.00929069519043,20.426115036010742,19.15968132019043,20.03805503845215,"and then , he will read another brochure .","and then , he will read another brochure .",0,5.673255443572998,6.128276348114014,6.104466915130615,5.8547043800354,5.49046516418457,5.850233650207519,1.980818748474121,1.7142395973205566,2.095710277557373,2.022240161895752,2.4163312911987305,2.0458680152893067,9.287291526794434,7.643299102783203,8.488332748413086,8.287007331848145,7.995311260223389,8.340248394012452,5.105957984924316,5.298755645751953,5.484564304351807,4.960420608520508,5.34262228012085,5.2384641647338865,12.241012573242188,12.619836807250977,12.45435905456543,13.460014343261719,11.448677062988281,12.444779968261718
the man will fold the brochure .,the man will fold the brochure .,0,6.013918876647949,6.418788909912109,6.039225101470947,6.191028118133545,5.903803825378418,6.113352966308594,1.2187294960021973,0.8496761322021484,0.8011865615844727,1.1635985374450684,1.8986515998840332,1.186368465423584,14.93441390991211,13.957172393798828,15.112613677978516,14.295388221740723,14.46277904510498,14.552473449707032,5.812444686889648,5.758820056915283,5.621763229370117,5.9844069480896,5.8567352294921875,5.806834030151367,19.545242309570312,22.85704803466797,19.623743057250977,20.61712074279785,19.37016487121582,20.402663803100587,"and then , he will read another brochure .","and then , he will read another brochure .",0,5.649355411529541,6.189579010009766,6.096356391906738,5.88198709487915,5.484853267669678,5.860426235198974,2.006742477416992,1.569681167602539,2.15753173828125,1.9702544212341309,2.4771413803100586,2.0362702369689942,8.974735260009766,7.745321750640869,8.549654960632324,7.934898853302002,8.202204704284668,8.281363105773925,5.097036361694336,5.208658218383789,5.399055004119873,4.894647121429443,5.377477645874023,5.195374870300293,12.3124418258667,12.831801414489746,12.670509338378906,13.323688507080078,11.720012664794922,12.57169075012207
the man will kick the gate .,the man will kick the gate .,0,6.023942947387695,5.944920063018799,5.71436071395874,6.062359809875488,5.666330814361572,5.882382869720459,1.2087054252624512,1.323544979095459,1.1260509490966797,1.292266845703125,2.136124610900879,1.4173385620117187,12.59485912322998,11.3507719039917,11.752569198608398,12.225171089172363,11.705810546875,11.925836372375489,6.087224960327148,6.3462815284729,6.369380950927734,6.091559410095215,6.180285453796387,6.214946460723877,10.36849308013916,10.943363189697266,9.59384536743164,10.235166549682617,9.854145050048828,10.199002647399903,"and then , he will lean on another gate .","and then , he will lean on another gate .",0,4.794501781463623,5.186882972717285,5.393064975738525,5.796623706817627,5.258831977844238,5.28598108291626,1.024312973022461,0.7810025215148926,0.03483724594116211,0.08631467819213867,0.7583980560302734,0.5369730949401855,4.287642478942871,4.036111354827881,3.255197525024414,3.8706119060516357,4.172680377960205,3.9244487285614014,5.229123115539551,4.961638450622559,5.254568099975586,4.617029190063477,5.317817211151123,5.076035213470459,11.443501472473145,12.137378692626953,10.77258014678955,11.780319213867188,12.47916316986084,11.722588539123535
the man will shut the gate .,the man will shut the gate .,0,3.0771422386169434,3.3830244541168213,3.1983582973480225,1.867917776107788,2.4474127292633057,2.794771099090576,4.155506134033203,3.8854405879974365,3.6420533657073975,5.486708879470825,5.3550426959991455,4.504950332641601,12.917336463928223,12.377528190612793,12.850360870361328,13.60728931427002,13.244172096252441,12.99933738708496,6.10338830947876,6.33941650390625,6.241586208343506,5.9705729484558105,6.27311372756958,6.185615539550781,8.774002075195312,10.707195281982422,9.212257385253906,9.149331092834473,8.976567268371582,9.363870620727539,"and then , he will lean on another gate .","and then , he will lean on another gate .",0,4.785366535186768,5.167491436004639,5.431162357330322,5.866270542144775,5.292473793029785,5.308552932739258,0.9976978302001953,0.7488040924072266,-0.032405853271484375,-0.02533245086669922,0.7188310623168945,0.4815189361572266,4.275599956512451,4.026593208312988,3.2052056789398193,3.9150991439819336,4.1338210105896,3.9112637996673585,5.193089008331299,5.05053186416626,5.254022121429443,4.634009838104248,5.3204474449157715,5.090420055389404,11.499372482299805,12.154422760009766,10.797247886657715,12.070608139038086,12.53455924987793,11.81124210357666
the boy will inspect the broken zipper .,the boy will inspect the broken zipper .,0,4.9176764488220215,5.212066173553467,4.872544765472412,5.048248291015625,5.592706203460693,5.128648376464843,2.3679046630859375,1.884408950805664,2.289292812347412,2.07452392578125,2.187633991241455,2.160752868652344,13.190435409545898,14.01990032196045,13.736787796020508,13.552315711975098,13.754331588745117,13.650754165649413,4.894308090209961,5.1731085777282715,5.341573238372803,5.482237339019775,6.620607852935791,5.50236701965332,16.555171966552734,17.79898452758789,17.914569854736328,17.47334861755371,17.166488647460938,17.38171272277832,"and then , he will complain about another zipper .","and then , he will complain about another zipper .",0,4.785588264465332,5.210873603820801,5.362417697906494,5.357048511505127,5.378588676452637,5.218903350830078,-0.3808269500732422,-1.1558794975280762,-1.7380154132843018,-1.3200430870056152,-1.3575196266174316,-1.1904569149017334,1.836822271347046,2.1221437454223633,1.4999313354492188,1.9243309497833252,1.4843941926956177,1.7735244989395142,5.617958068847656,5.88726806640625,5.938632488250732,5.904330730438232,5.748878002166748,5.819413471221924,17.9504337310791,19.24121856689453,18.914152145385742,19.163423538208008,17.67007064819336,18.58785972595215
the boy will fix the broken zipper .,the boy will fix the broken zipper .,0,4.246446132659912,5.476820945739746,5.165256977081299,5.126889705657959,5.487447738647461,5.100572299957276,3.039134979248047,1.6196541786193848,1.9965806007385254,1.995882511138916,2.2928924560546875,2.188828945159912,13.397187232971191,13.688681602478027,12.412054061889648,13.347990036010742,13.498418807983398,13.268866348266602,5.237679958343506,5.716498374938965,5.34951639175415,5.350649356842041,6.82476282119751,5.695821380615234,14.86266803741455,17.504514694213867,18.049314498901367,17.6014404296875,17.844343185424805,17.172456169128417,"and then , he will complain about another zipper .","and then , he will complain about another zipper .",0,4.737795829772949,5.266414642333984,5.351474761962891,5.404017448425293,5.3800859451293945,5.227957725524902,-0.32871294021606445,-1.1964530944824219,-1.7466976642608643,-1.309457778930664,-1.4448626041412354,-1.20523681640625,1.85146963596344,2.1012861728668213,1.5118335485458374,2.0282680988311768,1.4253838062286377,1.7836482524871826,5.579228401184082,5.85419225692749,5.95090389251709,5.892251968383789,5.8215227127075195,5.819619846343994,17.979467391967773,19.28506088256836,18.978679656982422,19.12101173400879,17.789798736572266,18.630803680419923
the child will tap the ketchup bottle .,the child will tap the ketchup bottle .,0,5.640305042266846,5.728195667266846,5.706370830535889,5.916363716125488,5.952122211456299,5.788671493530273,1.4941496849060059,1.367009162902832,0.8970603942871094,1.3126530647277832,1.784895896911621,1.3711536407470704,15.497008323669434,13.657812118530273,14.32224178314209,14.254887580871582,14.810672760009766,14.508524513244629,5.6107659339904785,5.455867767333984,5.563933849334717,4.963128566741943,5.465015411376953,5.411742305755615,11.871362686157227,12.909521102905273,12.849218368530273,12.159439086914062,14.1758451461792,12.793077278137208,"and then , he will comment on another ketchup bottle .","and then , he will comment on another ketchup bottle .",0,4.621824741363525,4.887614727020264,4.774537086486816,4.803287506103516,5.106220245361328,4.83869686126709,-0.917891263961792,-0.789863109588623,-1.0401356220245361,-2.021563768386841,-1.2210338115692139,-1.1980975151062012,1.1100910902023315,1.3309718370437622,1.2014250755310059,0.7564558386802673,1.0808788537979126,1.095964539051056,5.714785575866699,5.336897373199463,6.3743133544921875,5.297754764556885,5.143562316894531,5.573462677001953,9.171481132507324,9.177449226379395,10.564311981201172,7.389711856842041,8.403742790222168,8.94133939743042
the child will open the ketchup bottle .,the child will open the ketchup bottle .,0,5.764301776885986,5.476520538330078,5.359066963195801,5.751181602478027,5.910649299621582,5.652344036102295,1.3701529502868652,1.6186842918395996,1.2443642616271973,1.4778351783752441,1.826368808746338,1.5074810981750488,10.205511093139648,9.319171905517578,10.420093536376953,10.460885047912598,10.648777961730957,10.210887908935547,5.491940975189209,5.644997596740723,5.5501556396484375,5.490268707275391,5.75697135925293,5.586866855621338,11.187398910522461,11.16262149810791,11.52090072631836,11.61237907409668,13.878551483154297,11.872370338439941,"and then , he will comment on another ketchup bottle .","and then , he will comment on another ketchup bottle .",0,4.479551315307617,4.912327766418457,4.766778945922852,4.80660343170166,5.1648664474487305,4.826025581359863,-0.8242104053497314,-0.7945494651794434,-1.0784893035888672,-2.045830488204956,-1.257789134979248,-1.2001737594604491,1.085767149925232,1.3448296785354614,1.1789921522140503,0.7423835396766663,1.0903286933898926,1.0884602427482606,5.714048385620117,5.360555171966553,6.374124050140381,5.286813735961914,5.1005048751831055,5.567209243774414,9.076154708862305,9.007715225219727,10.320255279541016,7.212454319000244,8.270397186279297,8.777395343780517
the mother will select the egg .,the mother will select the egg .,0,5.73167610168457,6.465747833251953,5.275218963623047,5.570343494415283,5.406826972961426,5.689962673187256,1.574559211730957,0.6471867561340332,1.747481346130371,1.712104320526123,2.2663497924804688,1.5895362854003907,11.667319297790527,11.260196685791016,12.49301815032959,11.470791816711426,12.485665321350098,11.875398254394531,6.379764080047607,6.578858375549316,6.6046648025512695,6.446558475494385,6.559122562408447,6.513793659210205,13.143255233764648,13.092362403869629,14.004767417907715,12.182760238647461,12.26290225982666,12.937209510803223,"and then , she will talk about another egg .","and then , she will talk about another egg .",0,5.387411117553711,6.172769546508789,5.1319990158081055,6.080665111541748,5.393924713134766,5.633353900909424,-1.8309791088104248,-1.688337802886963,-1.3377087116241455,-1.9551358222961426,-1.3441290855407715,-1.6312581062316895,1.9605193138122559,2.5039191246032715,2.4258761405944824,2.2855796813964844,1.6520068645477295,2.165580224990845,6.863291263580322,5.4810872077941895,6.896055221557617,5.7612690925598145,6.204011917114258,6.24114294052124,13.239672660827637,13.906211853027344,13.048062324523926,12.97929573059082,12.437215805053711,13.122091674804688
the mother will crack the egg .,the mother will crack the egg .,0,5.657277584075928,6.44504451751709,5.92461633682251,5.957830429077148,5.5788421630859375,5.912722206115722,1.6489577293395996,0.6678900718688965,1.0980839729309082,1.3246173858642578,2.094334602355957,1.3667767524719239,14.536174774169922,14.369503021240234,14.46948528289795,13.842683792114258,14.09632682800293,14.262834739685058,6.019334316253662,6.0124053955078125,5.902049541473389,5.776767253875732,6.185922145843506,5.97929573059082,9.544279098510742,10.32265853881836,10.212873458862305,9.50150203704834,7.966001033782959,9.509462833404541,"and then , she will talk about another egg .","and then , she will talk about another egg .",0,5.495270252227783,6.217146873474121,5.192107200622559,6.144510269165039,5.4503021240234375,5.6998673439025875,-1.9205479621887207,-1.648310661315918,-1.4029672145843506,-2.026871681213379,-1.291384220123291,-1.6580163478851317,1.9924430847167969,2.4725377559661865,2.278024673461914,2.175405740737915,1.595463752746582,2.102775001525879,6.626795768737793,5.327723026275635,6.89778995513916,5.696201324462891,5.993953227996826,6.108492660522461,12.788997650146484,13.78879165649414,13.132389068603516,12.932982444763184,12.429405212402344,13.014513206481933
the boy will shake the empty water gun .,the boy will shake the empty water gun .,0,5.443761825561523,5.90339469909668,5.21339225769043,5.476785182952881,5.584305763244629,5.524327945709229,1.8418192863464355,1.1930804252624512,1.9484453201293945,1.6459870338439941,2.1960344314575195,1.765073299407959,12.104381561279297,12.666629791259766,12.116283416748047,12.248800277709961,12.47597885131836,12.322414779663086,5.76616907119751,5.771533966064453,5.190774917602539,5.762542247772217,5.98341178894043,5.69488639831543,13.798798561096191,17.056203842163086,14.337654113769531,12.678648948669434,12.735740661621094,14.121409225463868,"and then , he will giggle about another water gun .","and then , he will <unk> about another water gun .",1,5.587682723999023,6.295493125915527,5.448456764221191,6.715229511260986,5.751527786254883,5.959677982330322,1.213350772857666,0.4021029472351074,1.2363672256469727,0.27724123001098633,0.7047104835510254,0.7667545318603516,9.368786811828613,8.98311996459961,8.552098274230957,9.020634651184082,7.066079139709473,8.598143768310546,5.0344953536987305,5.770283222198486,5.186407089233398,5.856560230255127,5.605256080627441,5.4906003952026365,10.682353019714355,14.811305046081543,11.334246635437012,10.621670722961426,10.308884620666504,11.551692008972168
the boy will fill the empty water gun .,the boy will fill the empty water gun .,0,4.821986198425293,5.566158294677734,4.794064521789551,4.461672782897949,5.307779312133789,4.990332221984863,2.463594913482666,1.5303168296813965,2.3677730560302734,2.661099433898926,2.4725608825683594,2.2990690231323243,11.300027847290039,11.517231941223145,11.695618629455566,11.62649917602539,11.25163745880127,11.478203010559081,5.897585868835449,5.829808712005615,5.1967668533325195,6.545340061187744,6.433012008666992,5.980502700805664,14.095948219299316,16.60649299621582,15.049821853637695,13.744091033935547,13.397290229797363,14.578728866577148,"and then , he will giggle about another water gun .","and then , he will <unk> about another water gun .",1,5.563863754272461,6.129858016967773,5.234942436218262,6.636900424957275,5.695460319519043,5.852204990386963,1.2930598258972168,0.5372462272644043,1.324453353881836,0.42914628982543945,0.6977386474609375,0.8563288688659668,9.220010757446289,9.083404541015625,8.714417457580566,9.241539001464844,7.20802116394043,8.69347858428955,5.01909875869751,5.792359352111816,5.063544273376465,5.809327125549316,5.6269636154174805,5.462258625030517,10.800973892211914,14.716309547424316,11.213456153869629,10.625795364379883,10.447118759155273,11.560730743408204
the plumber will examine the pipe .,the plumber will examine the pipe .,0,4.958693027496338,4.959275722503662,4.998836994171143,5.0088958740234375,5.191956996917725,5.023531723022461,2.400911808013916,2.1580557823181152,2.440959930419922,2.538374423980713,2.43843936920166,2.3953482627868654,12.728838920593262,12.874466896057129,11.54232406616211,12.48087215423584,12.848456382751465,12.494991683959961,6.863814353942871,8.043597221374512,8.704205513000488,7.246950626373291,8.916354179382324,7.954984378814697,15.80748176574707,15.561186790466309,14.098947525024414,13.942922592163086,13.99567699432373,14.681243133544921,"and then , he will frown at another pipe .","and then , he will <unk> at another pipe .",1,4.755400657653809,5.044889450073242,4.519274711608887,4.894525527954102,4.9127726554870605,4.82537260055542,2.285961151123047,1.6473264694213867,2.0796661376953125,1.860888957977295,1.4301085472106934,1.8607902526855469,7.157262325286865,6.60387659072876,6.6638078689575195,7.402495861053467,6.875019073486328,6.940492343902588,7.37666130065918,6.531418800354004,6.249990463256836,6.612616062164307,7.427501678466797,6.839637660980225,13.86192798614502,13.577144622802734,13.718563079833984,13.671442985534668,12.62354564666748,13.490524864196777
the plumber will bend the pipe .,the plumber will bend the pipe .,0,6.138942718505859,6.0367560386657715,5.839580059051514,6.111192226409912,6.451254367828369,6.115545082092285,1.2206621170043945,1.0805754661560059,1.6002168655395508,1.4360780715942383,1.1791419982910156,1.303334903717041,14.642216682434082,14.530452728271484,14.31436538696289,14.027864456176758,13.389765739440918,14.180932998657227,6.368765354156494,7.270993232727051,7.657045841217041,7.086075305938721,8.388453483581543,7.35426664352417,12.958964347839355,12.968521118164062,11.802464485168457,12.220781326293945,13.040283203125,12.598202896118163,"and then , he will frown at another pipe .","and then , he will <unk> at another pipe .",1,4.6623358726501465,5.161658763885498,4.569752216339111,4.916459560394287,4.967106342315674,4.855462551116943,2.2050986289978027,1.5222563743591309,2.064878463745117,1.8892064094543457,1.4308385848999023,1.8224556922912598,7.056446552276611,6.62225866317749,6.627319812774658,7.287217140197754,6.593695163726807,6.837387466430664,6.992706775665283,6.475288391113281,6.10381555557251,6.400108814239502,6.8831400871276855,6.571011924743653,13.310818672180176,13.583053588867188,13.49196720123291,13.488448143005371,12.636635780334473,13.302184677124023
the teacher will point at the blackboard .,the teacher will point at the blackboard .,0,4.283384799957275,4.999155521392822,4.824297904968262,4.799021244049072,5.178800106048584,4.816931915283203,0.2682614326477051,0.41463756561279297,0.2423238754272461,0.2710089683532715,-0.08895015716552734,0.22145633697509765,5.927936553955078,5.90460729598999,5.792170524597168,6.723654747009277,6.136196613311768,6.096913146972656,5.3809075355529785,5.630483627319336,4.831661224365234,5.082374095916748,6.2726311683654785,5.439611530303955,18.118743896484375,17.765453338623047,17.202621459960938,16.563112258911133,17.019556045532227,17.333897399902344,"and then , she will read from another blackboard .","and then , she will read from another blackboard .",0,4.964279651641846,5.822856426239014,4.908253192901611,5.3365702629089355,5.3918633460998535,5.284764575958252,0.7245116233825684,0.4796609878540039,1.2681431770324707,0.7120857238769531,0.1775670051574707,0.6723937034606934,8.391778945922852,7.981509685516357,7.621819972991943,7.847783088684082,7.3623762130737305,7.841053581237793,5.182478904724121,4.783829689025879,5.173781394958496,5.239243030548096,5.245522499084473,5.124971103668213,16.66221046447754,18.31183433532715,16.94491195678711,17.37480926513672,17.64150619506836,17.387054443359375
the teacher will draw on the blackboard .,the teacher will draw on the blackboard .,0,5.579426288604736,6.508714199066162,5.624805450439453,5.8208394050598145,5.9958815574646,5.905933380126953,0.8031702041625977,0.011879444122314453,0.7925281524658203,0.6534543037414551,0.49522876739501953,0.5512521743774415,4.465056419372559,5.048161506652832,4.947185039520264,4.983894348144531,4.721917152404785,4.833242893218994,5.062283992767334,5.523545742034912,5.003545761108398,5.010659694671631,5.675680160522461,5.255143070220948,15.769407272338867,16.285560607910156,16.59126853942871,15.947246551513672,14.322360038757324,15.783168601989747,"and then , she will read from another blackboard .","and then , she will read from another blackboard .",0,4.956543922424316,5.733621597290039,4.910272598266602,5.37572717666626,5.406020641326904,5.276437187194825,0.7061939239501953,0.5093674659729004,1.2408843040466309,0.677879810333252,0.17673969268798828,0.6622130393981933,8.382492065429688,8.0210599899292,7.633391380310059,7.854153156280518,7.3398003578186035,7.846179389953614,5.151717185974121,4.812811374664307,5.158207416534424,5.317917346954346,5.268513202667236,5.141833305358887,16.507463455200195,18.258745193481445,16.91771125793457,17.296709060668945,17.55851173400879,17.30782814025879
the tour guide will inspect the umbrella .,the tour guide will inspect the umbrella .,0,5.311207294464111,5.094900131225586,4.825070858001709,5.5547566413879395,5.5422163009643555,5.26563024520874,1.1938791275024414,1.863286018371582,1.6694092750549316,1.4046969413757324,1.829401969909668,1.592134666442871,14.70145034790039,13.962807655334473,14.953953742980957,14.560627937316895,13.485506057739258,14.332869148254394,5.276120662689209,5.856600284576416,7.191446781158447,7.1960954666137695,7.556456089019775,6.615343856811523,16.85760498046875,15.88344955444336,15.854443550109863,16.493831634521484,15.592368125915527,16.136339569091795,"and then , she will clench another umbrella .","and then , she will <unk> another umbrella .",1,7.076737403869629,6.750406265258789,6.638878345489502,6.951119899749756,6.427321910858154,6.768892765045166,0.7444090843200684,1.0378293991088867,1.752063274383545,0.9977006912231445,1.5717053413391113,1.2207415580749512,6.925737380981445,6.155453681945801,5.444980621337891,6.390787124633789,6.5076727867126465,6.284926319122315,7.3723039627075195,7.057928562164307,7.461067199707031,7.229488372802734,6.873579025268555,7.19887342453003,16.515260696411133,14.523880004882812,15.154169082641602,15.7167387008667,14.927923202514648,15.367594337463379
the tour guide will open the umbrella .,the tour guide will open the umbrella .,0,5.84560489654541,5.341115951538086,5.247010231018066,6.215486526489258,5.920287609100342,5.713901042938232,0.6594815254211426,1.617070198059082,1.2474699020385742,0.7439670562744141,1.4513306617736816,1.1438638687133789,9.691707611083984,8.786407470703125,10.079007148742676,9.077301025390625,10.196357727050781,9.566156196594239,7.199678897857666,7.434651851654053,7.615201473236084,8.357747077941895,7.944100379943848,7.710275936126709,18.645050048828125,18.48872184753418,16.173173904418945,15.482474327087402,15.786706924438477,16.915225410461424,"and then , she will clench another umbrella .","and then , she will <unk> another umbrella .",1,7.02413272857666,6.832838535308838,6.638785362243652,6.98973274230957,6.415920257568359,6.780281925201416,0.5900411605834961,0.9304547309875488,1.4971294403076172,0.8180084228515625,1.4755268096923828,1.0622321128845216,6.975180149078369,6.069822311401367,5.516948699951172,6.226188659667969,6.435699462890625,6.244767856597901,7.357772350311279,6.8574981689453125,7.541342258453369,7.198891639709473,6.786961555480957,7.1484931945800785,16.929214477539062,14.608136177062988,15.55283260345459,15.764015197753906,15.48019027709961,15.666877746582031
the gymnast will examine the jump rope .,the gymnast will examine the jump rope .,0,4.983356475830078,4.9963059425354,4.87338399887085,4.970109939575195,5.266972064971924,5.018025684356689,2.387204170227051,2.279153347015381,2.2318129539489746,2.824899196624756,2.557046413421631,2.4560232162475586,13.060503005981445,13.971646308898926,12.457199096679688,11.762821197509766,12.62629508972168,12.7756929397583,5.502444267272949,5.441941261291504,5.597966194152832,5.272481441497803,5.806110382080078,5.524188709259033,14.960466384887695,13.779105186462402,15.741846084594727,14.913837432861328,13.92831802368164,14.66471462249756,"and then , she will complain about another jump rope .","and then , she will complain about another jump rope .",0,4.794322967529297,5.29526424407959,5.568997859954834,5.412850379943848,5.352817535400391,5.284850597381592,-0.41120386123657227,-1.3256187438964844,-1.851710557937622,-1.206437110900879,-1.401137113571167,-1.2392214775085448,1.750493049621582,1.8064348697662354,1.554182529449463,1.953658103942871,1.4702951908111572,1.7070127487182618,5.6743245124816895,5.122442245483398,5.67039680480957,5.133659362792969,5.3483500480651855,5.389834594726563,15.033501625061035,14.886281967163086,15.408751487731934,15.851286888122559,14.002619743347168,15.036488342285157
the gymnast will cut the jump rope .,the gymnast will cut the jump rope .,0,5.419738292694092,5.508845329284668,5.304390907287598,5.622282981872559,5.749629974365234,5.52097749710083,1.950822353363037,1.7666139602661133,1.8008060455322266,2.1727261543273926,2.0743885040283203,1.953071403503418,10.98295783996582,10.361281394958496,11.513707160949707,10.2649564743042,10.214568138122559,10.667494201660157,5.328193664550781,5.5806474685668945,5.158340930938721,5.33595085144043,5.613631248474121,5.403352832794189,12.165976524353027,12.419952392578125,13.07514476776123,12.389135360717773,11.206855773925781,12.251412963867187,"and then , she will complain about another jump rope .","and then , she will complain about another jump rope .",0,4.9701361656188965,5.2636799812316895,5.619714736938477,5.498185634613037,5.4026899337768555,5.350881290435791,-0.16353702545166016,-1.1092934608459473,-1.7892422676086426,-1.186068058013916,-1.246504783630371,-1.0989291191101074,2.2181549072265625,2.0648391246795654,1.6011312007904053,2.1337413787841797,1.5947507619857788,1.9225234746932984,5.479184627532959,5.120206356048584,5.69562292098999,5.177884101867676,5.317443370819092,5.35806827545166,14.910561561584473,14.797635078430176,15.298086166381836,15.127189636230469,13.731770515441895,14.773048591613769
the airline pilot will admire his hat .,the airline pilot will admire his hat .,0,4.57750940322876,4.618487358093262,4.395617485046387,4.494598865509033,5.055099010467529,4.6282624244689945,3.399258613586426,2.8107542991638184,2.535367965698242,3.3247270584106445,2.47977876663208,2.909977340698242,14.908207893371582,14.444208145141602,16.248241424560547,14.685970306396484,15.6578950881958,15.188904571533204,4.868551254272461,4.9977827072143555,4.580191612243652,5.36230993270874,4.966008186340332,4.954968738555908,12.368863105773926,12.388023376464844,12.784454345703125,13.874197959899902,12.759519577026367,12.835011672973632,"and then , he will chat about another hat .","and then , he will chat about another hat .",0,5.889626979827881,6.453801155090332,5.396727561950684,6.360045909881592,5.397353172302246,5.8995109558105465,0.15658140182495117,-0.8953666687011719,-0.27984094619750977,-1.4307737350463867,-0.13170957565307617,-0.5162219047546387,6.379843711853027,5.943861961364746,6.328238487243652,5.404047012329102,6.975624084472656,6.206323051452637,6.673295021057129,5.673760890960693,5.233883857727051,5.64684534072876,5.444252014160156,5.734407424926758,13.916255950927734,12.957736015319824,14.351602554321289,13.326410293579102,12.19670295715332,13.349741554260254
the airline pilot will remove his hat .,the airline pilot will remove his hat .,0,5.284537315368652,5.3917012214660645,5.194163799285889,5.259911060333252,5.5849690437316895,5.343056488037109,2.692230701446533,2.0375404357910156,1.7368216514587402,2.559414863586426,1.94990873336792,2.195183277130127,9.903172492980957,11.242472648620605,10.864493370056152,10.44847297668457,10.997335433959961,10.691189384460449,5.099598407745361,4.929957866668701,4.484757423400879,5.364952087402344,4.984927654266357,4.972838687896728,9.656890869140625,10.36544418334961,9.814539909362793,10.869691848754883,10.068586349487305,10.155030632019043,"and then , he will chat about another hat .","and then , he will chat about another hat .",0,5.785788059234619,6.341527938842773,5.404491424560547,6.315793037414551,5.322016716003418,5.833923435211181,0.1639566421508789,-0.8292498588562012,-0.33902931213378906,-1.3516883850097656,-0.06072521209716797,-0.483347225189209,6.735051155090332,6.365416526794434,6.679641246795654,5.76152229309082,7.190715312957764,6.5464693069458,6.55594539642334,5.602202892303467,5.192493438720703,5.609339714050293,5.406936168670654,5.673383522033691,13.743176460266113,12.737844467163086,14.401506423950195,13.659819602966309,11.883015632629395,13.285072517395019
the little girl will kiss her teddy bear .,the little girl will kiss her teddy bear .,0,6.016579627990723,6.332690238952637,5.766695022583008,6.109235763549805,6.506744861602783,6.146389102935791,1.3424534797668457,0.9977684020996094,0.850318431854248,0.7129383087158203,0.6387600898742676,0.9084477424621582,12.218639373779297,12.754115104675293,12.26792049407959,12.827498435974121,12.80914306640625,12.57546329498291,4.782999038696289,4.402724266052246,5.069648742675781,5.917282581329346,4.962979316711426,5.027126789093018,2.266753911972046,4.204096794128418,6.485205173492432,2.612675189971924,6.738745212554932,4.46149525642395,"and then , she will talk to another teddy bear .","and then , she will talk to another teddy bear .",0,5.235965728759766,4.969781875610352,4.871044158935547,5.113955497741699,5.019478797912598,5.042045211791992,-1.6057989597320557,-0.4474000930786133,-1.0355474948883057,-1.226470708847046,-1.0596842765808105,-1.0749803066253663,1.4678224325180054,1.8195486068725586,1.3382327556610107,1.6066241264343262,2.0864694118499756,1.6637394666671752,4.969482898712158,4.358541011810303,5.832339763641357,5.131892204284668,5.23983097076416,5.1064173698425295,3.643385648727417,3.974710702896118,5.538783550262451,1.7250308990478516,5.418961524963379,4.060174465179443
the little girl will dress her teddy bear .,the little girl will dress her teddy bear .,0,6.24735164642334,6.3206892013549805,5.970834732055664,6.374439716339111,6.124152183532715,6.207493495941162,1.1116814613342285,1.0097694396972656,0.6461787223815918,0.44773435592651367,1.021352767944336,0.8473433494567871,12.924552917480469,11.899138450622559,12.415215492248535,12.18806266784668,12.89876651763916,12.46514720916748,5.762933731079102,4.977272987365723,6.032995700836182,6.528038501739502,5.688659191131592,5.79798002243042,2.9145047664642334,5.129574298858643,7.07064962387085,3.4979238510131836,7.717171669006348,5.265964841842651,"and then , she will talk to another teddy bear .","and then , she will talk to another teddy bear .",0,5.427073001861572,5.133794784545898,4.926018714904785,5.304149150848389,4.951541900634766,5.148515510559082,-1.5850255489349365,-0.5206093788146973,-1.1096503734588623,-1.333437442779541,-1.0313348770141602,-1.1160115242004394,1.4587388038635254,1.6962507963180542,1.2399624586105347,1.4603556394577026,2.055215358734131,1.5821046113967896,4.951902866363525,4.418355464935303,5.777057647705078,5.268610954284668,5.229495525360107,5.129084491729737,3.6394834518432617,3.948674201965332,5.410338401794434,1.6843011379241943,5.2786030769348145,3.992280054092407
the librarian will look at the book .,the librarian will look at the book .,0,4.535228252410889,5.442262649536133,5.143662929534912,5.6109724044799805,5.82252311706543,5.310929870605468,0.9982123374938965,0.3706655502319336,0.2989025115966797,0.0030379295349121094,-0.17804288864135742,0.2985550880432129,2.5215630531311035,2.1092071533203125,2.0241756439208984,2.5287251472473145,1.9387028217315674,2.2244747638702393,5.202385425567627,5.0929951667785645,5.595279216766357,5.439115047454834,5.444596290588379,5.354874229431152,10.703374862670898,8.561990737915039,9.459492683410645,9.54379940032959,9.393766403198242,9.532484817504884,"and then , he will checkout another book .","and then , he will <unk> another book .",1,7.04718017578125,6.637386798858643,6.804111003875732,6.7392730712890625,6.310096263885498,6.707609462738037,0.5903959274291992,1.1593427658081055,1.4551911354064941,1.2320785522460938,1.6220650672912598,1.2118146896362305,6.5465898513793945,6.055771827697754,5.700887203216553,6.249245643615723,6.274402618408203,6.165379428863526,5.490539073944092,5.58356237411499,5.800407409667969,5.337032794952393,5.722915172576904,5.58689136505127,7.826226234436035,7.752485275268555,6.842435836791992,7.344447612762451,8.107898712158203,7.574698734283447
the librarian will open up the book .,the librarian will open up the book .,0,5.6131744384765625,5.639442443847656,5.331616401672363,5.739157199859619,5.90048885345459,5.644775867462158,-0.3388962745666504,-0.5456342697143555,-0.14582014083862305,-0.3842740058898926,-0.3172287940979004,-0.3463706970214844,4.649959087371826,3.8090991973876953,5.130190372467041,5.443299770355225,3.257615566253662,4.45803279876709,5.397883415222168,5.598284721374512,5.406210422515869,5.529877185821533,5.985138416290283,5.583478832244873,9.441536903381348,9.38847541809082,8.561736106872559,8.67554759979248,9.828142166137695,9.17908763885498,"and then , he will checkout another book .","and then , he will <unk> another book .",1,6.953856945037842,6.649246692657471,6.7330803871154785,6.75529670715332,6.260432720184326,6.670382690429688,0.5782361030578613,1.128586769104004,1.35728120803833,1.2774038314819336,1.7198944091796875,1.2122804641723632,6.685995578765869,6.061525821685791,5.697047710418701,6.168385982513428,6.300649166107178,6.1827208518981935,5.428827285766602,5.50226354598999,5.8093414306640625,5.352960586547852,5.66646146774292,5.5519708633422855,7.519136428833008,8.173200607299805,6.826876163482666,7.2976393699646,8.141080856323242,7.591586685180664
the musician will play the piano .,the musician will play the piano .,0,5.414132118225098,5.908151149749756,5.578676223754883,5.683727264404297,5.92057991027832,5.701053333282471,2.128448486328125,1.4910430908203125,1.7472634315490723,2.2277326583862305,1.626570701599121,1.8442116737365724,8.08952522277832,6.697744846343994,7.346172332763672,6.642431735992432,7.323705673217773,7.219915962219238,5.484253883361816,5.6270575523376465,5.576834201812744,5.247046947479248,5.615181922912598,5.51007490158081,6.677091598510742,6.131885051727295,6.123421669006348,6.381237506866455,6.060884475708008,6.274904060363769,"and then , he will rave about another piano .","and then , he will rave about another piano .",0,5.85370397567749,5.986063480377197,5.351507663726807,5.772815704345703,5.90754508972168,5.774327182769776,-0.04802513122558594,0.2826857566833496,-0.23763084411621094,-0.45546960830688477,1.173752784729004,0.14306259155273438,7.624839782714844,7.217217445373535,6.770445823669434,10.328038215637207,5.936797142028809,7.575467681884765,6.587680816650391,6.3866963386535645,6.823404788970947,5.784457683563232,7.2869157791137695,6.573831081390381,9.346039772033691,10.72169017791748,10.63874340057373,10.627032279968262,9.821882247924805,10.231077575683594
the musician will tune the piano .,the musician will tune the piano .,0,6.149834632873535,5.973910331726074,5.737229347229004,6.036311149597168,5.882301330566406,5.9559173583984375,1.3927459716796875,1.4252839088439941,1.5887103080749512,1.8751487731933594,1.6648492813110352,1.5893476486206055,15.705412864685059,14.656471252441406,15.16488265991211,14.740715980529785,14.356470108032227,14.924790573120116,6.163959503173828,6.045135974884033,6.187672138214111,5.910068988800049,6.415956497192383,6.144558620452881,9.830939292907715,9.573359489440918,9.826618194580078,10.220773696899414,9.948387145996094,9.880015563964843,"and then , he will rave about another piano .","and then , he will rave about another piano .",0,5.971717834472656,5.844996929168701,5.367710113525391,5.806922435760498,5.829583644866943,5.764186191558838,-0.05249929428100586,0.3709244728088379,-0.20641851425170898,-0.3529648780822754,1.1544504165649414,0.18269844055175782,7.4762372970581055,7.140056610107422,6.645416736602783,10.268623352050781,5.8652262687683105,7.479112052917481,6.594062328338623,6.411183834075928,6.7271552085876465,5.751872539520264,7.230257034301758,6.542906188964844,9.400864601135254,10.268502235412598,10.312560081481934,10.346933364868164,9.6146240234375,9.98869686126709
the alley cat will follow the mouse .,the alley cat will follow the mouse .,0,5.269730091094971,5.772854328155518,5.4060773849487305,5.793768882751465,5.355389595031738,5.519564056396485,1.6638751029968262,1.0755786895751953,0.5490241050720215,0.8267068862915039,1.9888858795166016,1.2208141326904296,7.978726387023926,8.97283935546875,8.24868106842041,9.012389183044434,9.128070831298828,8.66814136505127,6.960392475128174,6.652921676635742,6.426095962524414,6.7320661544799805,7.446316242218018,6.843558502197266,13.153348922729492,12.913443565368652,13.87435531616211,13.763854026794434,13.894886016845703,13.519977569580078,"and then , she will hiss at another mouse .","and then , she will <unk> at another mouse .",1,4.66632080078125,5.15557336807251,4.610715389251709,4.784815788269043,4.888155937194824,4.821116256713867,2.1666550636291504,1.6078643798828125,2.0608162879943848,2.04415225982666,1.5665621757507324,1.889210033416748,7.310340881347656,6.639400005340576,6.77060079574585,7.259383678436279,6.501468181610107,6.896238708496094,7.1685566902160645,6.938902378082275,6.930368423461914,6.619197368621826,6.416736602783203,6.814752292633057,15.334179878234863,14.313027381896973,14.151719093322754,16.528223037719727,15.763642311096191,15.218158340454101
the alley cat will injure the mouse .,the alley cat will injure the mouse .,0,5.322298526763916,5.465236663818359,5.4954752922058105,5.779026508331299,6.1465911865234375,5.641725635528564,1.6113066673278809,1.3831963539123535,0.4596261978149414,0.8414492607116699,1.1976842880249023,1.0986525535583496,14.272452354431152,14.888004302978516,13.795717239379883,13.3546142578125,13.737768173217773,14.009711265563965,5.769192218780518,5.652987480163574,5.72147798538208,4.899637222290039,5.921286106109619,5.592916202545166,12.863859176635742,11.940855026245117,12.785356521606445,11.409729957580566,13.145597457885742,12.429079627990722,"and then , she will hiss at another mouse .","and then , she will <unk> at another mouse .",1,4.688712120056152,5.209324359893799,4.70200252532959,4.916545391082764,4.967434883117676,4.896803855895996,2.1859564781188965,1.5656747817993164,2.073274612426758,1.9742674827575684,1.5568437576293945,1.8712034225463867,7.337381839752197,6.831845760345459,6.877833843231201,7.563043117523193,6.572656154632568,7.036552143096924,7.171263217926025,6.870505332946777,7.049156188964844,6.357881546020508,6.416980743408203,6.773157405853271,15.656864166259766,14.796899795532227,13.816579818725586,16.153106689453125,15.852192878723145,15.25512866973877
the young woman will admire the jewelry box .,the young woman will admire the jewelry box .,0,4.536990165710449,4.944319248199463,4.713404655456543,4.71624755859375,5.199747085571289,4.8221417427062985,2.76076078414917,2.283975601196289,2.44307804107666,2.6879329681396484,2.8124208450317383,2.597633647918701,14.477958679199219,13.779374122619629,15.366740226745605,14.64514446258545,14.48702335357666,14.551248168945312,4.967230319976807,5.257955074310303,4.990658283233643,4.88511848449707,5.312246322631836,5.082641696929931,13.137048721313477,12.043890953063965,12.803276062011719,11.726366996765137,12.895913124084473,12.521299171447755,"and then , she will comment on another jewelry box .","and then , she will comment on another jewelry box .",0,4.448154926300049,4.846076488494873,4.759247779846191,4.708662033081055,4.672201156616211,4.686868476867676,-0.6751282215118408,-0.8733294010162354,-1.0043976306915283,-2.117800235748291,-1.220956563949585,-1.1783224105834962,1.1417890787124634,1.2943891286849976,1.2277861833572388,0.7207576632499695,0.8887927532196045,1.0547029614448546,5.664323806762695,5.318559169769287,6.262447834014893,5.372343063354492,5.771901607513428,5.677915096282959,8.373064994812012,8.831872940063477,8.8946533203125,9.978263854980469,7.695420265197754,8.754655075073241
the young woman will open the jewelry box .,the young woman will open the jewelry box .,0,5.451136589050293,5.427186965942383,5.161349773406982,5.586479187011719,5.7716240882873535,5.479555320739746,1.8466143608093262,1.8011078834533691,1.9951329231262207,1.8177013397216797,2.240543842315674,1.9402200698852539,10.532867431640625,9.630157470703125,10.33718204498291,10.716655731201172,10.535964965820312,10.350565528869629,5.003137588500977,5.243683338165283,4.820473670959473,4.767836570739746,5.444775104522705,5.055981254577636,8.402767181396484,10.104195594787598,9.22009563446045,7.850479602813721,10.225494384765625,9.160606479644775,"and then , she will comment on another jewelry box .","and then , she will comment on another jewelry box .",0,4.391180038452148,4.88010835647583,4.841152191162109,4.8417067527771,4.830499649047852,4.756929397583008,-0.5749857425689697,-0.6871323585510254,-1.0325374603271484,-2.1505138874053955,-0.9804613590240479,-1.0851261615753174,1.1120089292526245,1.351538062095642,1.2118303775787354,0.7241672277450562,1.0348503589630127,1.0868789911270142,5.54816198348999,5.045034408569336,6.159830570220947,5.1994733810424805,5.648812294006348,5.52026252746582,8.23412799835205,8.58001708984375,8.601973533630371,9.582503318786621,7.824014186859131,8.564527225494384
the boy will inspect the kite .,the boy will inspect the kite .,0,4.9176764488220215,5.212066173553467,4.872544765472412,5.048248291015625,5.592706203460693,5.128648376464843,2.3679046630859375,1.884408950805664,2.289292812347412,2.07452392578125,2.187633991241455,2.160752868652344,13.190435409545898,14.01990032196045,13.736787796020508,13.552315711975098,13.754331588745117,13.650754165649413,7.304681777954102,7.64893102645874,7.351225852966309,7.944299697875977,8.131339073181152,7.676095485687256,14.204988479614258,13.185296058654785,13.660940170288086,14.181609153747559,14.627694129943848,13.972105598449707,"and then , he will compliment another kite .","and then , he will compliment another kite .",0,4.665573596954346,4.917534351348877,4.313731670379639,5.4076690673828125,4.9060845375061035,4.842118644714356,3.1261520385742188,2.9011497497558594,4.1759114265441895,2.6252737045288086,3.224928379058838,3.210683059692383,15.512099266052246,16.22723960876465,15.276094436645508,16.907987594604492,14.43775463104248,15.672235107421875,6.715033054351807,6.899710178375244,6.613463401794434,7.1256279945373535,6.8627119064331055,6.843309307098389,15.689446449279785,17.059410095214844,14.735336303710938,15.673140525817871,14.879263877868652,15.607319450378418
the boy will unfold the kite .,the boy will unfold the kite .,0,5.6308794021606445,6.735580921173096,5.71689510345459,5.501920700073242,5.81361198425293,5.879777622222901,1.6547017097473145,0.36089420318603516,1.4449424743652344,1.6208515167236328,1.9667282104492188,1.409623622894287,16.620689392089844,17.086135864257812,17.158164978027344,17.554412841796875,17.574739456176758,17.198828506469727,5.891423225402832,7.502022743225098,7.091996192932129,7.640764236450195,7.324112892150879,7.090063858032226,14.180427551269531,15.287031173706055,14.50403881072998,13.421072006225586,14.272939682006836,14.333101844787597,"and then , he will compliment another kite .","and then , he will compliment another kite .",0,4.755135536193848,5.101227283477783,4.375827312469482,5.366881370544434,4.887530326843262,4.897320365905761,2.924807071685791,2.718735694885254,4.105044841766357,2.646206855773926,3.136641502380371,3.10628719329834,15.633890151977539,16.25957489013672,15.364803314208984,16.822649002075195,14.329504013061523,15.682084274291991,6.438897609710693,6.722944736480713,6.572062969207764,6.97820520401001,6.892261981964111,6.720874500274658,15.381729125976562,16.91214942932129,14.522258758544922,15.297950744628906,14.986382484436035,15.420094108581543
the artist will study the sculpture .,the artist will study the sculpture .,0,6.354177474975586,6.233170032501221,5.9023213386535645,6.085141181945801,5.927731037139893,6.100508213043213,1.1311321258544922,1.0410771369934082,1.2969441413879395,1.734710693359375,1.7480168342590332,1.3903761863708497,11.091619491577148,11.115961074829102,10.3292875289917,9.133996963500977,9.519001960754395,10.237973403930663,5.2869672775268555,5.57635498046875,5.337876319885254,5.559011936187744,5.469683647155762,5.445978832244873,11.692437171936035,11.838157653808594,13.408432960510254,12.071778297424316,12.63330364227295,12.32882194519043,"and then , she will chat about another sculpture .","and then , she will chat about another sculpture .",0,5.971431732177734,6.568780899047852,5.397380828857422,6.312647342681885,5.356770038604736,5.921402168273926,0.16503190994262695,-1.052666187286377,-0.1254563331604004,-1.2564830780029297,-0.045848846435546875,-0.4630845069885254,6.4832987785339355,5.329520225524902,5.878415107727051,4.68557596206665,6.831732749938965,5.841708564758301,4.979667663574219,5.136210918426514,5.459369659423828,4.95765495300293,5.591573238372803,5.224895286560058,11.123207092285156,12.85084342956543,12.17763900756836,11.5299711227417,12.05260181427002,11.946852493286134
the artist will finish the sculpture .,the artist will finish the sculpture .,0,5.084845066070557,5.370680809020996,5.931147575378418,5.216302871704102,5.98938512802124,5.518472290039062,2.4004645347595215,1.9035663604736328,1.268117904663086,2.603549003601074,1.6863627433776855,1.972412109375,11.090442657470703,11.298861503601074,10.196483612060547,10.54651165008545,9.94458293914795,10.615376472473145,5.368945598602295,5.528128623962402,4.989164352416992,5.612756729125977,5.441373348236084,5.38807373046875,12.548569679260254,12.76815128326416,12.538042068481445,12.03169059753418,13.488183975219727,12.674927520751954,"and then , she will chat about another sculpture .","and then , she will chat about another sculpture .",0,5.807456016540527,6.477121829986572,5.467915058135986,6.2070698738098145,5.420585632324219,5.876029682159424,0.19255638122558594,-0.9630002975463867,-0.2732090950012207,-1.1317329406738281,-0.04989480972290039,-0.44505615234375,6.957678318023682,5.768535614013672,6.0447540283203125,5.097437858581543,6.991611957550049,6.172003555297851,4.883391857147217,5.013179302215576,5.4617695808410645,4.961045265197754,5.510617733001709,5.166000747680664,11.691224098205566,13.553988456726074,12.368221282958984,11.794025421142578,12.636886596679688,12.408869171142578
the traffic cop will follow the speeding motorist .,the traffic cop will follow the speeding motorist .,0,5.55003547668457,5.900155067443848,5.540596008300781,6.15639066696167,5.951959609985352,5.819827365875244,1.9043574333190918,1.1911373138427734,0.8105359077453613,0.20395469665527344,1.519615650177002,1.1259202003479003,8.137838363647461,8.035181999206543,8.548188209533691,8.228168487548828,8.350234031677246,8.259922218322753,5.8239641189575195,6.333369255065918,6.131640911102295,6.13938045501709,6.567537307739258,6.199178409576416,14.602758407592773,17.38629913330078,14.788454055786133,15.438526153564453,14.497215270996094,15.342650604248046,"and then , he will recognize another motorist .","and then , he will recognize another motorist .",0,5.206541538238525,5.310213088989258,4.610313892364502,5.2039594650268555,5.669203281402588,5.200046253204346,2.5390005111694336,2.5790085792541504,4.029625415802002,3.0441360473632812,2.5011067390441895,2.9385754585266115,11.638089179992676,11.880233764648438,10.840120315551758,11.71091365814209,12.152077674865723,11.644286918640137,5.827517986297607,5.6600661277771,5.527812480926514,5.663476943969727,5.689250946044922,5.673624897003174,12.283848762512207,12.2243013381958,12.031675338745117,13.707793235778809,13.919840812683105,12.833491897583007
the traffic cop will stop the speeding motorist .,the traffic cop will stop the speeding motorist .,0,6.937851905822754,7.282115936279297,6.563624382019043,6.660302639007568,6.924012660980225,6.873581504821777,0.5165410041809082,-0.19082355499267578,-0.2124924659729004,-0.299957275390625,0.5475625991821289,0.07216606140136719,8.259281158447266,8.506608963012695,9.329936027526855,8.690258979797363,9.521079063415527,8.861432838439942,5.9120049476623535,6.145876884460449,5.658792495727539,6.2632155418396,6.208487033843994,6.037675380706787,13.712137222290039,17.499282836914062,14.903105735778809,14.578171730041504,14.591530799865723,15.056845664978027,"and then , he will recognize another motorist .","and then , he will recognize another motorist .",0,5.236509323120117,5.28114128112793,4.616650104522705,5.295477867126465,5.603684425354004,5.2066926002502445,2.5601110458374023,2.605856418609619,4.012009143829346,3.0003843307495117,2.5830516815185547,2.952282524108887,11.761075973510742,12.095322608947754,10.91966724395752,11.766837120056152,12.234856605529785,11.75555191040039,5.8476243019104,5.68470573425293,5.552398204803467,5.654850959777832,5.7034382820129395,5.688603496551513,12.249218940734863,11.988728523254395,11.821415901184082,13.345671653747559,13.706304550170898,12.622267913818359
the flight attendant will locate the can of soda .,the flight attendant will locate the can of soda .,0,5.21848726272583,5.123874187469482,5.076857089996338,5.686328887939453,5.620794296264648,5.34526834487915,2.143138885498047,2.1967153549194336,2.060635566711426,1.8608903884887695,2.096621513366699,2.071600341796875,13.080207824707031,12.976770401000977,12.050799369812012,11.154765129089355,11.358893394470215,12.124287223815918,8.141084671020508,7.568709373474121,6.282838344573975,8.360581398010254,8.317452430725098,7.734133243560791,16.208995819091797,16.39488983154297,16.0253963470459,16.534452438354492,16.08079719543457,16.248906326293945,"and then , she will offer another can of soda .","and then , she will offer another can of soda .",0,6.565808296203613,6.093575954437256,5.777620315551758,6.425253868103027,6.500184535980225,6.272488594055176,1.1844358444213867,1.7893610000610352,2.5639514923095703,1.6921825408935547,1.752668857574463,1.796519947052002,9.394625663757324,9.926358222961426,9.794458389282227,9.98446273803711,10.43312931060791,9.906606864929199,8.227758407592773,7.162211894989014,5.929060459136963,7.813711643218994,8.780800819396973,7.582708644866943,14.862433433532715,16.111055374145508,15.79356575012207,15.819311141967773,15.435181617736816,15.604309463500977
the flight attendant will open the can of soda .,the flight attendant will open the can of soda .,0,5.6866984367370605,5.167885780334473,5.2970709800720215,5.869497776031494,5.799175262451172,5.564065647125244,1.6749277114868164,2.1527037620544434,1.8404216766357422,1.6777215003967285,1.9182405471801758,1.8528030395507813,10.473380088806152,10.354070663452148,10.642424583435059,9.927309036254883,10.289615631103516,10.337360000610351,8.183863639831543,7.746881484985352,6.121088027954102,8.402167320251465,8.336262702941895,7.758052635192871,16.29506492614746,17.11904525756836,16.868553161621094,17.13511848449707,16.53464126586914,16.790484619140624,"and then , she will offer another can of soda .","and then , she will offer another can of soda .",0,6.603430271148682,6.146958351135254,5.852269172668457,6.487693786621094,6.4673075675964355,6.311531829833984,1.1635208129882812,1.6873750686645508,2.426480293273926,1.4934959411621094,1.839663028717041,1.7221070289611817,9.354207038879395,9.917582511901855,9.755636215209961,9.803496360778809,10.611035346984863,9.888391494750977,8.139677047729492,7.065624713897705,5.937432765960693,7.759761810302734,8.711294174194336,7.522758102416992,14.732710838317871,16.2575626373291,15.86677360534668,15.447495460510254,15.579019546508789,15.57671241760254
the food critic will taste the coffee .,the food critic will taste the coffee .,0,6.75477409362793,6.935122489929199,5.764758586883545,5.553737163543701,5.290813446044922,6.059841156005859,0.21927595138549805,0.7167267799377441,1.5034255981445312,1.1221237182617188,2.1716389656066895,1.1466382026672364,14.203499794006348,13.841249465942383,14.497836112976074,14.671307563781738,14.418092727661133,14.326397132873534,7.283473968505859,8.680292129516602,7.896141052246094,8.564428329467773,8.571130752563477,8.199093246459961,13.68386459350586,12.928142547607422,12.121543884277344,12.974230766296387,13.71399974822998,13.084356307983398,"and then , he will ask about another coffee .","and then , he will ask about another coffee .",0,5.4755859375,5.721348285675049,6.003664493560791,5.6285529136657715,5.195199966430664,5.604870319366455,0.07925796508789062,-0.40714168548583984,-0.8887133598327637,-0.024766921997070312,0.06111001968383789,-0.23605079650878907,6.450928211212158,6.081779956817627,6.688852310180664,6.597195148468018,5.9194722175598145,6.347645568847656,7.894742012023926,8.365588188171387,8.739137649536133,8.775506973266602,9.071226119995117,8.569240188598632,13.7240571975708,13.664990425109863,14.338675498962402,13.60124683380127,13.277572631835938,13.721308517456055
the food critic will finish the coffee .,the food critic will finish the coffee .,0,4.586614608764648,5.374754905700684,5.79469108581543,5.811466217041016,5.932912349700928,5.500087833404541,2.3874354362487793,2.2770943641662598,1.4734930992126465,0.8643946647644043,1.5295400619506836,1.7063915252685546,14.964323043823242,13.403107643127441,11.851090431213379,13.461369514465332,12.066080093383789,13.149194145202637,8.611702919006348,9.125232696533203,8.803518295288086,8.920661926269531,8.37557315826416,8.767337799072266,13.351202964782715,14.720757484436035,14.303535461425781,13.287374496459961,15.16853141784668,14.166280364990234,"and then , he will ask about another coffee .","and then , he will ask about another coffee .",0,5.290870189666748,5.711130142211914,6.088064193725586,5.651604652404785,5.127915382385254,5.573916912078857,0.14281511306762695,-0.44791603088378906,-1.0014452934265137,-0.10506296157836914,0.05606269836425781,-0.27110929489135743,6.322457313537598,5.902863025665283,6.598134994506836,6.53389835357666,5.979542255401611,6.267379188537598,8.047351837158203,8.367814064025879,8.700093269348145,8.806265830993652,9.084429740905762,8.601190948486328,13.723628997802734,13.789798736572266,14.67957878112793,13.723002433776855,13.838483810424805,13.950898551940918
the carpenter will assess the floor .,the carpenter will assess the floor .,0,4.617916584014893,4.541190147399902,4.894347667694092,4.015880584716797,4.866491794586182,4.587165355682373,2.817601203918457,2.7459511756896973,2.4547929763793945,3.533461093902588,2.9593615531921387,2.902233600616455,14.02634334564209,14.73965072631836,14.709078788757324,13.964028358459473,14.863547325134277,14.460529708862305,5.564250946044922,6.587547779083252,5.982530117034912,4.8075385093688965,4.697737216949463,5.527920913696289,13.250202178955078,13.20850658416748,14.029291152954102,14.925224304199219,13.166033744812012,13.715851593017579,"and then , he will step on another floor .","and then , he will step on another floor .",0,5.955923080444336,5.2462639808654785,5.125284671783447,6.668412685394287,5.4834818840026855,5.695873260498047,-0.617943286895752,-0.42519712448120117,-0.19726085662841797,-1.9216089248657227,-0.6361021995544434,-0.7596224784851074,4.084353923797607,3.9759814739227295,4.84246826171875,4.3016462326049805,4.22528076171875,4.2859461307525635,6.407591342926025,5.513144493103027,5.299716472625732,6.148434638977051,6.697650909423828,6.013307571411133,9.663070678710938,9.817828178405762,10.1255464553833,9.410257339477539,8.43120002746582,9.489580535888672
the carpenter will tile the floor .,the carpenter will tile the floor .,0,6.191096782684326,6.210668563842773,6.169064998626709,5.738000392913818,5.891057968139648,6.039977741241455,1.2444210052490234,1.0764727592468262,1.1800756454467773,1.8113412857055664,1.9347953796386719,1.449421215057373,20.900484085083008,19.66697120666504,19.748497009277344,17.992090225219727,17.640254974365234,19.18965950012207,5.902400493621826,5.884612083435059,6.052722930908203,5.334750175476074,5.993005275726318,5.833498191833496,8.228456497192383,10.517465591430664,10.210494041442871,9.752304077148438,9.50850772857666,9.643445587158203,"and then , he will step on another floor .","and then , he will step on another floor .",0,5.691226005554199,5.300685882568359,5.125243186950684,6.510889053344727,5.425909042358398,5.610790634155274,-0.21098613739013672,-0.43190813064575195,-0.13980960845947266,-1.6256823539733887,-0.4825925827026367,-0.5781957626342773,3.9162254333496094,4.231406211853027,4.7598748207092285,4.143703937530518,4.198707580566406,4.249983596801758,5.92401647567749,5.274543762207031,5.267944812774658,5.896306991577148,6.636356353759766,5.799833679199219,8.301990509033203,8.813451766967773,8.666519165039062,8.482967376708984,7.424632549285889,8.337912273406982
the parking attendant will check the parking meter .,the parking attendant will check the parking meter .,0,5.7734880447387695,6.045063495635986,5.89663028717041,6.223898887634277,6.096484184265137,6.007112979888916,1.9195442199707031,1.0006279945373535,0.8173661231994629,1.1179494857788086,1.73966646194458,1.3190308570861817,11.740615844726562,12.076753616333008,12.092361450195312,11.802482604980469,12.189855575561523,11.980413818359375,5.183234691619873,5.486739635467529,5.780510425567627,5.357931137084961,5.822422504425049,5.526167678833008,11.142657279968262,11.667301177978516,15.04841136932373,12.837510108947754,8.495698928833008,11.838315773010255,"and then , she will rest against another parking meter .","and then , she will rest against another parking meter .",0,5.094572067260742,5.028061389923096,4.570945739746094,5.941666126251221,5.177962779998779,5.162641620635986,0.9603495597839355,1.139000415802002,1.2410202026367188,0.31984615325927734,0.8404731750488281,0.9001379013061523,8.973830223083496,9.97703742980957,10.020920753479004,9.862972259521484,9.99941349029541,9.766834831237793,4.9629340171813965,5.0770087242126465,4.702963352203369,4.541080951690674,5.11497163772583,4.879791736602783,11.774273872375488,14.234519958496094,15.977224349975586,11.918978691101074,10.13930892944336,12.80886116027832
the parking attendant will empty the parking meter .,the parking attendant will empty the parking meter .,0,4.945664882659912,4.831857204437256,5.618887424468994,5.468982219696045,5.877268314361572,5.348532009124756,2.7473673820495605,2.213834285736084,1.095108985900879,1.872866153717041,1.9588823318481445,1.9776118278503418,15.809041976928711,15.303969383239746,16.441516876220703,15.887703895568848,15.328390121459961,15.754124450683594,4.369495391845703,5.34953498840332,5.026585578918457,5.0654191970825195,5.2231950759887695,5.0068460464477536,13.418088912963867,13.908604621887207,15.780814170837402,13.759564399719238,9.289393424987793,13.231293106079102,"and then , she will rest against another parking meter .","and then , she will rest against another parking meter .",0,4.817750453948975,4.988760471343994,4.597198486328125,6.066202163696289,5.1464152336120605,5.123265361785888,1.0664658546447754,1.1919517517089844,1.1969361305236816,0.22772502899169922,0.8859329223632812,0.9138023376464843,9.375492095947266,10.012005805969238,10.180166244506836,9.821503639221191,9.856619834899902,9.849157524108886,4.752647876739502,5.0106658935546875,4.698577404022217,4.604930877685547,5.067617893218994,4.82688798904419,11.889507293701172,14.637639999389648,16.154359817504883,11.964786529541016,10.294034957885742,12.988065719604492
the airline pilot will steer the airplane .,the airline pilot will steer the airplane .,0,6.202217102050781,6.115850925445557,5.754930019378662,6.0958685874938965,6.162867546081543,6.066346836090088,1.7745509147644043,1.3133907318115234,1.1760554313659668,1.7234573364257812,1.3720102310180664,1.4718929290771485,13.791791915893555,14.714766502380371,13.060015678405762,13.758434295654297,14.118339538574219,13.88866958618164,5.307347297668457,5.4305548667907715,5.437097072601318,5.545255184173584,5.6546406745910645,5.474979019165039,10.568819999694824,10.261092185974121,8.745192527770996,8.423924446105957,10.430357933044434,9.685877418518066,"and then , he will talk about another airplane .","and then , he will talk about another airplane .",0,5.691329479217529,5.754024982452393,5.312667369842529,6.570679664611816,5.614396572113037,5.788619613647461,-2.042945146560669,-1.1064720153808594,-1.4284319877624512,-2.297842025756836,-1.4885101318359375,-1.6728402614593505,1.831058382987976,2.9003944396972656,2.7494983673095703,2.561939001083374,1.6833844184875488,2.345254921913147,6.097719192504883,6.016870021820068,6.616055011749268,6.647642612457275,6.481037616729736,6.371864891052246,11.47408390045166,10.595549583435059,9.80903148651123,9.13793659210205,10.68924617767334,10.341169548034667
the airline pilot will land the airplane .,the airline pilot will land the airplane .,0,6.257914066314697,5.94300651550293,6.332190036773682,6.269406795501709,6.17445707321167,6.195394897460938,1.7188539505004883,1.4862351417541504,0.5987954139709473,1.5499191284179688,1.3604207038879395,1.3428448677062987,9.759276390075684,11.423505783081055,10.550875663757324,10.670930862426758,10.908181190490723,10.662553977966308,5.653349876403809,6.3496880531311035,6.315043926239014,6.353452682495117,6.060874938964844,6.146481895446778,11.608203887939453,11.679509162902832,9.926634788513184,10.30500316619873,11.344987869262695,10.97286777496338,"and then , he will talk about another airplane .","and then , he will talk about another airplane .",0,5.608932971954346,5.804282188415527,5.212624549865723,6.480141639709473,5.653353691101074,5.751867008209229,-2.0312135219573975,-1.3224554061889648,-1.3777832984924316,-2.233488082885742,-1.7155680656433105,-1.7361016750335694,1.8948559761047363,2.80522084236145,2.7487969398498535,2.642791509628296,1.5627341270446777,2.330879878997803,6.047262668609619,6.070178508758545,6.609934329986572,6.583189964294434,6.510692119598389,6.364251518249512,11.77021598815918,10.792229652404785,10.06202220916748,9.172269821166992,11.071569442749023,10.573661422729492
the tailor will measure the pants .,the tailor will measure the pants .,0,6.035356044769287,5.906910419464111,5.032021522521973,5.9754719734191895,5.669122219085693,5.72377643585205,1.320713996887207,1.4766764640808105,1.9648933410644531,1.4964475631713867,1.856213092803955,1.6229888916015625,12.178630828857422,12.188200950622559,15.055194854736328,13.959441184997559,14.256487846374512,13.527591133117676,5.200809478759766,5.936849117279053,5.759393692016602,5.043347358703613,5.392312049865723,5.466542339324951,18.444137573242188,15.674864768981934,18.181800842285156,16.93184471130371,17.02265167236328,17.251059913635252,"and then , he will ask about another pants .","and then , he will ask about another pants .",0,5.309948921203613,5.6513285636901855,5.773240089416504,5.611753463745117,5.175421714782715,5.504338550567627,0.0887603759765625,-0.27790069580078125,-0.8187003135681152,-0.0007548332214355469,0.2599778175354004,-0.14972352981567383,7.331822872161865,6.265921115875244,7.191978931427002,6.661348819732666,6.324704170227051,6.755155181884765,5.825338363647461,5.47609281539917,6.600326061248779,4.900619983673096,5.1661882400512695,5.593713092803955,19.318471908569336,21.60630989074707,18.653833389282227,18.260684967041016,19.769580841064453,19.52177619934082
the tailor will shorten the pants .,the tailor will shorten the pants .,0,3.307743549346924,3.8212316036224365,4.2842583656311035,3.5152015686035156,3.668846368789673,3.7194562911987306,4.04832649230957,3.5623552799224854,2.7126564979553223,3.9567179679870605,3.8564889430999756,3.627309036254883,14.912100791931152,15.243837356567383,13.863937377929688,15.220559120178223,15.21318531036377,14.890723991394044,5.161031246185303,5.681514263153076,5.549551010131836,5.06906270980835,5.075742244720459,5.307380294799804,17.382295608520508,17.00277328491211,17.75739288330078,17.907312393188477,15.632715225219727,17.13649787902832,"and then , he will ask about another pants .","and then , he will ask about another pants .",0,5.286438941955566,5.5944061279296875,5.795286178588867,5.626579284667969,5.1666259765625,5.493867301940918,0.09328651428222656,-0.32075071334838867,-0.8610734939575195,-0.05695009231567383,0.24813508987426758,-0.17947053909301758,7.409879207611084,6.29229211807251,7.169821739196777,6.872513294219971,6.34005880355835,6.816913032531739,5.821112632751465,5.494682788848877,6.606422424316406,5.015162467956543,5.190707683563232,5.625617599487304,19.70226287841797,21.772781372070312,19.202903747558594,18.094606399536133,19.815122604370117,19.717535400390624
the illustrator will copy the cartoon .,the illustrator will copy the cartoon .,0,5.379844665527344,5.3146748542785645,4.484870910644531,5.1456298828125,5.601623058319092,5.185328674316406,2.3630032539367676,2.0460286140441895,2.5681443214416504,2.9848499298095703,1.9923644065856934,2.390878105163574,12.191990852355957,15.225838661193848,14.071393013000488,12.204211235046387,12.07292366027832,13.153271484375,7.135063648223877,7.533129692077637,7.444980144500732,6.971534729003906,7.405501365661621,7.298041915893554,13.192469596862793,12.699045181274414,13.863850593566895,13.02366828918457,13.685369491577148,13.292880630493164,"and then , he will display another cartoon .","and then , he will display another cartoon .",0,6.411720275878906,5.819145679473877,5.581638336181641,5.736398220062256,5.421663284301758,5.7941131591796875,1.1175036430358887,2.0309295654296875,2.4994192123413086,2.076777935028076,2.2271032333374023,1.9903467178344727,9.629796981811523,11.029208183288574,12.268241882324219,10.237405776977539,12.098679542541504,11.052666473388673,7.1860575675964355,6.485718727111816,7.6885223388671875,7.486876010894775,7.388926982879639,7.2472203254699705,9.870229721069336,11.320369720458984,11.322173118591309,11.801397323608398,11.561751365661621,11.17518424987793
the illustrator will color the cartoon .,the illustrator will color the cartoon .,0,6.329038619995117,6.4766340255737305,5.486563205718994,6.0674896240234375,6.6212005615234375,6.196185207366943,1.4138092994689941,0.8840694427490234,1.5664520263671875,2.062990188598633,0.9727869033813477,1.380021572113037,16.253215789794922,17.604780197143555,17.416156768798828,17.836257934570312,15.846702575683594,16.991422653198242,6.630106449127197,7.353577613830566,7.973665237426758,7.005065441131592,7.722782611846924,7.337039470672607,13.346872329711914,12.547839164733887,14.079391479492188,13.05622386932373,13.500789642333984,13.306223297119141,"and then , he will display another cartoon .","and then , he will display another cartoon .",0,6.632598876953125,5.968760967254639,5.637167930603027,5.943841934204102,5.656497955322266,5.967773532867431,0.9825396537780762,1.9024877548217773,2.667428970336914,1.8654751777648926,2.06571626663208,1.8967295646667481,8.952775955200195,10.595709800720215,11.393959045410156,10.298028945922852,12.009689331054688,10.65003261566162,7.220877170562744,6.508320331573486,7.6976213455200195,7.451406955718994,7.431026935577393,7.2618505477905275,9.670960426330566,11.028945922851562,10.931374549865723,11.263779640197754,11.367036819458008,10.852419471740722
the hunter will inspect the rifle .,the hunter will inspect the rifle .,0,4.952909469604492,4.845135688781738,4.858096599578857,5.098685264587402,5.481120586395264,5.047189521789551,2.2377681732177734,2.7982287406921387,2.36856746673584,2.2777557373046875,2.1077818870544434,2.3580204010009767,12.992254257202148,13.293081283569336,13.381052017211914,13.289507865905762,13.687911033630371,13.328761291503906,6.377719879150391,7.754729270935059,6.685458183288574,7.779569149017334,7.159364223480225,7.151368141174316,15.296422958374023,14.017195701599121,15.66468620300293,14.945690155029297,14.25838851928711,14.836476707458496,"and then , he will frown at another rifle .","and then , he will <unk> at another rifle .",1,4.793457984924316,5.034934997558594,4.621382713317871,4.800459384918213,4.846571922302246,4.819361400604248,2.258523464202881,1.6090373992919922,2.0723795890808105,1.9828095436096191,1.4340400695800781,1.8713580131530763,7.104648590087891,6.775915622711182,6.591353416442871,7.508596897125244,6.645205497741699,6.925144004821777,6.24394416809082,6.833530426025391,6.955155849456787,8.487031936645508,6.3510284423828125,6.974138164520264,14.703988075256348,13.003894805908203,14.091670036315918,14.70901870727539,12.889089584350586,13.87953224182129
the hunter will load the rifle .,the hunter will load the rifle .,0,6.209366798400879,6.256788730621338,6.266529083251953,6.444030284881592,6.555049419403076,6.346352863311767,0.9813108444213867,1.386575698852539,0.9601349830627441,0.932410717010498,1.0338530540466309,1.0588570594787599,13.130366325378418,13.988369941711426,14.251937866210938,13.846904754638672,13.949845314025879,13.833484840393066,6.431032657623291,7.65811824798584,6.442548751831055,7.5175886154174805,6.764824867248535,6.96282262802124,12.36977481842041,12.192209243774414,13.007111549377441,11.816187858581543,11.970871925354004,12.271231079101563,"and then , he will frown at another rifle .","and then , he will <unk> at another rifle .",1,4.743515968322754,5.174269199371338,4.60963249206543,4.914626121520996,4.816537857055664,4.851716327667236,2.21085786819458,1.5686607360839844,2.0694046020507812,1.9116406440734863,1.461277961730957,1.8443683624267577,6.989904403686523,6.800476551055908,6.560043811798096,7.488888740539551,6.599704265594482,6.887803554534912,6.025024890899658,6.74177885055542,6.925810813903809,8.441793441772461,6.418240547180176,6.910529708862304,14.37741756439209,12.949529647827148,14.327043533325195,14.454083442687988,13.177560806274414,13.857126998901368
the woman will tap the table .,the woman will tap the table .,0,5.654342174530029,5.746127128601074,5.687291622161865,5.801995277404785,5.862120151519775,5.750375270843506,1.4283971786499023,1.5696344375610352,1.3660025596618652,1.5316357612609863,2.0453104972839355,1.588196086883545,15.644145011901855,13.490503311157227,13.33668327331543,13.862335205078125,14.90234088897705,14.247201538085937,5.4491353034973145,5.737559795379639,5.954249858856201,5.190331935882568,5.905238151550293,5.6473030090332035,11.804117202758789,10.73565673828125,10.923571586608887,10.556118965148926,11.22381591796875,11.04865608215332,"and then , she will walk around another table .","and then , she will walk around another table .",0,4.479641914367676,5.064719200134277,4.963044166564941,4.9976725578308105,5.129322528839111,4.9268800735473635,1.5592703819274902,0.8909449577331543,1.1089630126953125,1.0953655242919922,0.8515229225158691,1.1012133598327636,5.301425933837891,6.273311614990234,5.855063438415527,5.457355976104736,5.472900867462158,5.6720115661621096,4.901370048522949,4.92574405670166,5.282257080078125,4.921027183532715,5.390459060668945,5.084171485900879,9.239764213562012,8.147732734680176,7.48228120803833,9.439915657043457,8.877711296081543,8.637481021881104
the woman will set the table .,the woman will set the table .,0,4.238561630249023,4.549925804138184,4.507208347320557,4.4674072265625,4.878943920135498,4.528409385681153,2.844177722930908,2.765835762023926,2.546085834503174,2.8662238121032715,3.028486728668213,2.8101619720458983,9.938920974731445,9.625399589538574,9.286782264709473,9.430196762084961,10.287768363952637,9.713813591003419,4.5489277839660645,4.034757137298584,5.724642276763916,3.848527669906616,5.586766719818115,4.748724317550659,8.436545372009277,7.966226577758789,8.917380332946777,7.240041732788086,12.134523391723633,8.938943481445312,"and then , she will walk around another table .","and then , she will walk around another table .",0,4.480071544647217,5.048633098602295,4.922988414764404,4.978271961212158,5.14097785949707,4.914188575744629,1.5512280464172363,0.885685920715332,1.0911884307861328,1.112645149230957,0.830657958984375,1.0942811012268066,5.629777431488037,6.3128557205200195,5.9280266761779785,5.4739990234375,5.481306076049805,5.765192985534668,5.029007434844971,4.974922180175781,5.234707355499268,4.959460735321045,5.400294303894043,5.119678401947022,9.350052833557129,8.14783000946045,7.30279016494751,9.616665840148926,8.714193344116211,8.626306438446045
the man will touch the label .,the man will touch the label .,0,5.343034744262695,5.343597888946533,5.331418037414551,5.5408477783203125,5.442843914031982,5.400348472595215,1.8896136283874512,1.9248671531677246,1.5089936256408691,1.8137788772583008,2.3596115112304688,1.8993729591369628,10.96959400177002,11.5775785446167,11.520829200744629,11.268925666809082,11.261634826660156,11.319712448120118,5.5594682693481445,5.993103504180908,5.793653964996338,5.664665699005127,5.935178279876709,5.789213943481445,13.744268417358398,13.830491065979004,13.973814964294434,14.595648765563965,14.741125106811523,14.177069664001465,"and then , he will read another label .","and then , he will read another label .",0,5.620638370513916,6.235440254211426,6.078526020050049,5.966832637786865,5.558457374572754,5.891978931427002,2.0476698875427246,1.5459628105163574,2.175741672515869,1.9526395797729492,2.3853602409362793,2.021474838256836,10.01852798461914,8.896194458007812,9.18254566192627,9.183847427368164,9.230674743652344,9.302358055114746,5.5924177169799805,6.028814792633057,5.312740325927734,5.260163307189941,5.861036777496338,5.61103458404541,12.962051391601562,14.163073539733887,12.825841903686523,14.41692066192627,13.44896125793457,13.563369750976562
the man will remove the label .,the man will remove the label .,0,5.380202770233154,5.623663425445557,5.582942485809326,5.251302242279053,5.4774298667907715,5.463108158111572,1.8524456024169922,1.6448016166687012,1.2574691772460938,2.1033244132995605,2.3250255584716797,1.8366132736206056,10.838685035705566,11.058257102966309,11.327614784240723,10.735394477844238,10.685113906860352,10.929013061523438,4.774743556976318,5.122426986694336,4.686337471008301,5.142714500427246,4.525094509124756,4.850263404846191,14.348475456237793,13.96755313873291,14.062564849853516,13.37928581237793,14.672889709472656,14.086153793334962,"and then , he will read another label .","and then , he will read another label .",0,5.552131175994873,6.189540863037109,6.027231216430664,5.948200225830078,5.514896392822266,5.846399974822998,2.0077977180480957,1.569918155670166,2.3002185821533203,1.9923171997070312,2.313596248626709,2.0367695808410646,10.11352252960205,8.831832885742188,9.564766883850098,9.205822944641113,9.061074256896973,9.355403900146484,5.613791465759277,6.149774074554443,5.33830451965332,5.321990013122559,5.866162300109863,5.658004474639893,13.067258834838867,14.326285362243652,12.50094985961914,14.337519645690918,13.239480018615723,13.49429874420166
the contractor will measure the swimming pool .,the contractor will measure the swimming pool .,0,5.751707077026367,5.6027350425720215,4.860717296600342,6.111454010009766,5.702842712402344,5.605891227722168,1.7790226936340332,1.4053115844726562,2.1120171546936035,1.740495204925537,1.8965654373168945,1.786682415008545,12.40225601196289,14.111001968383789,15.04306697845459,14.592191696166992,13.309224128723145,13.891548156738281,5.638755798339844,5.630006790161133,6.081507205963135,5.293901443481445,5.675690174102783,5.663972282409668,4.185089111328125,2.712595224380493,3.3810818195343018,4.031118392944336,3.1960389614105225,3.5011847019195557,"and then , he will walk around another pool .","and then , he will walk around another pool .",0,4.0711517333984375,4.821348667144775,4.693841457366943,4.896273612976074,5.02999210357666,4.702521514892578,1.8692626953125,1.195404052734375,1.3846192359924316,1.2037343978881836,0.851524829864502,1.3009090423583984,5.1405134201049805,6.08678674697876,5.875885009765625,5.438465118408203,5.547502517700195,5.617830562591553,4.8583245277404785,5.461947917938232,5.286517143249512,4.890192031860352,5.137373924255371,5.126871109008789,9.600595474243164,8.41569995880127,8.295404434204102,8.491364479064941,9.159668922424316,8.792546653747559
the contractor will drain the swimming pool .,the contractor will drain the swimming pool .,0,5.803897857666016,5.1875224113464355,4.911305904388428,5.470948219299316,5.636582374572754,5.40205135345459,1.7268319129943848,1.8205242156982422,2.0614285469055176,2.3810009956359863,1.9628257751464844,1.990522289276123,14.481103897094727,15.953384399414062,14.97228717803955,15.303840637207031,15.59988021850586,15.262099266052246,5.341567039489746,5.505614757537842,5.538951873779297,5.171847343444824,5.103550910949707,5.332306385040283,2.9075064659118652,1.4552831649780273,2.317460536956787,2.4139046669006348,0.9907744526863098,2.0169858574867248,"and then , he will walk around another pool .","and then , he will walk around another pool .",0,4.1314191818237305,4.856504917144775,4.668369770050049,4.852970123291016,4.992901802062988,4.700433158874512,1.807105541229248,1.1510848999023438,1.4097156524658203,1.2060060501098633,0.8743991851806641,1.2896622657775878,5.414341926574707,6.1613898277282715,5.912597179412842,5.484308242797852,5.638346195220947,5.7221966743469235,4.826499938964844,5.407100677490234,5.333313941955566,4.864844799041748,5.097635746002197,5.105879020690918,9.47274112701416,8.360017776489258,8.293334007263184,8.607316017150879,8.91576099395752,8.729833984375
the woman will count the potatoes .,the woman will count the potatoes .,0,6.250866413116455,6.325261116027832,6.064302921295166,5.8753981590271,6.358004093170166,6.174766540527344,0.8318729400634766,0.9905004501342773,0.9889912605285645,1.4582328796386719,1.549426555633545,1.163804817199707,11.173795700073242,11.955759048461914,12.608475685119629,12.030186653137207,13.061607360839844,12.165964889526368,5.584652900695801,5.349729061126709,5.89583683013916,5.419472694396973,6.0217413902282715,5.654286575317383,18.34081268310547,18.459714889526367,18.2305850982666,17.65262222290039,16.205106735229492,17.777768325805663,"and then , she will talk about another potatoes .","and then , she will talk about another potatoes .",0,5.5655364990234375,6.218699932098389,5.260974407196045,6.143831253051758,5.665349006652832,5.7708782196044925,-1.7672436237335205,-1.5658135414123535,-1.4622488021850586,-1.987358570098877,-1.5998797416687012,-1.676508855819702,2.1044743061065674,2.5738537311553955,2.4063191413879395,2.218296527862549,1.4307681322097778,2.1467423677444457,6.087480545043945,5.194206714630127,6.8148956298828125,5.886166572570801,5.602049827575684,5.9169598579406735,19.58422088623047,20.5317325592041,19.08107566833496,18.256315231323242,19.371610641479492,19.364990997314454
the woman will mash the potatoes .,the woman will mash the potatoes .,0,5.066347599029541,5.534053802490234,5.184586048126221,5.281044006347656,5.668383598327637,5.346883010864258,2.0163917541503906,1.781707763671875,1.8687081336975098,2.0525870323181152,2.239047050476074,1.991688346862793,21.580425262451172,23.224294662475586,20.313127517700195,23.105915069580078,21.14301109313965,21.873354721069337,5.070777893066406,5.84767484664917,5.294702053070068,5.53334903717041,6.031481742858887,5.555597114562988,17.196796417236328,16.031721115112305,16.68480110168457,17.037734985351562,17.81900978088379,16.95401268005371,"and then , she will talk about another potatoes .","and then , she will talk about another potatoes .",0,5.5463666915893555,6.109797954559326,5.299624919891357,6.17503023147583,5.699190139770508,5.766001987457275,-1.7592551708221436,-1.4819717407226562,-1.4857165813446045,-1.9804396629333496,-1.4870777130126953,-1.6388921737670898,2.0799379348754883,2.4794321060180664,2.3138818740844727,2.3257317543029785,1.5740996599197388,2.154616665840149,6.129149436950684,5.236095428466797,6.768318176269531,5.92147970199585,5.56741189956665,5.924490928649902,19.53413963317871,20.17416000366211,18.956321716308594,18.216835021972656,19.434267044067383,19.26314468383789
